{
  "format_version": "1.8.0",
  "animations": {
    "animation.b0": {
      "loop": false,
      "animation_length": 80,
      "bones": {
        "leftArm": {
          "rotation": {
            "0": [ -0.5, -5.5, -4.5 ],
            "2": [ 0.5, -5.5, -2 ],
            "4": [ -0.5, -5.5, -4.5 ],
            "6": [ -0.5, -5.5, -4.5 ]
          }
        },
        "rightArm": {
          "rotation": {
            "0": [ 22, 0, 5 ],
            "2": [ 22, 0, 3.5 ],
            "4": [ 22, 0, 5 ],
            "6": [ 22, 0, 5 ]
          }
        },
        "body": {
          "position": {
            "0": [ 0, -0.626612, 0 ],
            "2": [ 5.392475E-17, -0.8694675, -8.088712E-17 ],
            "4": [ 0, -0.626612, 0 ],
            "6": [ 0, -0.626612, 0 ]
          }
        },
        "rightLeg": {
          "rotation": {
            "0": [ -10, -1, 2.3 ],
            "4": [ -10, -1, 2.3 ],
            "6": [ -10, -1, 2.3 ]
          }
        },
        "leftLeg": {
          "position": {
            "0": [ 1.122774E-17, 0, 0.144 ],
            "4": [ 1.122774E-17, 0, 0.144 ],
            "6": [ 1.122774E-17, 0, 0.144 ]
          }
        },
        "leftArmup": {
          "rotation": {
            "0": [ -0.5, -5.5, -4.5 ],
            "2": [ 0.5, -5.5, -2 ],
            "4": [ -0.5, -5.5, -4.5 ],
            "6": [ -0.5, -5.5, -4.5 ]
          }
        },
        "rightArmup": {
          "rotation": {
            "0": [ 22, 0, 5 ],
            "2": [ 22, 0, 3.5 ],
            "4": [ 22, 0, 5 ],
            "6": [ 22, 0, 5 ]
          }
        },
        "body0": {
          "position": {
            "0": [ 0, -0.626612, 0 ],
            "2": [ 5.392475E-17, -0.8694675, -8.088712E-17 ],
            "4": [ 0, -0.626612, 0 ],
            "6": [ 0, -0.626612, 0 ]
          }
        },
        "rightLegup": {
          "rotation": {
            "0": [ -10, -1, 2.3 ],
            "4": [ -10, -1, 2.3 ],
            "6": [ -10, -1, 2.3 ]
          }
        },
        "leftLegup": {
          "position": {
            "0": [ 1.122774E-17, 0, 0.144 ],
            "4": [ 1.122774E-17, 0, 0.144 ],
            "6": [ 1.122774E-17, 0, 0.144 ]
          }
        }
      }
    }
  }
}