{
  "format_version": "1.8.0",
  "animations": {
    "animation.b2": {
      "loop": false,
	"animation_length": 80,
      "bones": {
        "head": {
          "rotation": {
            "0": [ 0, 0, 0 ],
            "0.4": [ -2.764616, -29.19352, -7.667969 ],
            "0.6": [ 1.370449, -30.81043, -4.31519 ],
            "0.8": [ 1.370449, -30.81043, -4.31519 ],
            "0.9": [ 1.370449, -30.81043, -4.31519 ],
            "1.1": [ 0, 0, 0 ]
          }
        },
        "leftArm": {
          "position": {
            "0": [ 0, 0, 0 ],
            "0.1": [ 0, -0.6400242, -0.5626894 ],
            "0.3": [ 0, 0.7641607, -0.6613559 ],
            "0.4": [ 0, 0.9153641, 1.061251 ],
            "0.5": [ 0, -0.1794864, 1.28897 ],
            "0.7": [ 0, 0, 0 ],
            "1": [ 0, 0, 0 ]
          },
          "rotation": {
            "0": [ 0, 0, 0 ],
            "0.1": [ 0, 0, -4.523382 ],
            "0.3": [ -7.115461, 12.15687, -15.00679 ],
            "0.4": [ 7.703732, 1.186795, -18.00432 ],
            "0.5": [ 0, 0, -10.60886 ],
            "0.7": [ -2.098745, -0.057956, -4.194841 ],
            "1": [ 0, 0, 0 ]
          }
        },
        "rightArm": {
          "position": {
            "0": [ 0, 0, 0 ],
            "0.1": [ 0, -0.6400242, -0.5626894 ],
            "0.3": [ 0, 0.7641607, -0.6613559 ],
            "0.4": [ 0, 0.9153641, 1.061251 ],
            "0.5": [ 0, -0.1794864, 1.28897 ],
            "0.7": [ 0, 0, 0 ],
            "1": [ 0, 0, 0 ]
          },
          "rotation": {
            "0": [ 0, 0, 0 ],
            "0.1": [ 0, 0, 5.334206 ],
            "0.3": [ -6.659491, -15.24031, 16.76609 ],
            "0.4": [ 9.271987, 0, 16.76609 ],
            "0.5": [ 0, 0, 6.267752 ],
            "0.7": [ -6.913653, 0, 2.643217 ],
            "1": [ 0, 0, 0 ]
          }
        },
        "waist": {
          "rotation": {
            "0": [ 0, 0, 0 ],
            "0.1": [ 2.614036, 0, 0 ],
            "0.4": [ -7.371233, 0, 0 ],
            "0.6": [ 0, 0, 0 ]
          }
        },
        "leftArmup": {
          "position": {
            "0": [ 0, 0, 0 ],
            "0.1": [ 0, -0.6400242, -0.5626894 ],
            "0.3": [ 0, 0.7641607, -0.6613559 ],
            "0.4": [ 0, 0.9153641, 1.061251 ],
            "0.5": [ 0, -0.1794864, 1.28897 ],
            "0.7": [ 0, 0, 0 ],
            "1": [ 0, 0, 0 ]
          },
          "rotation": {
            "0": [ 0, 0, 0 ],
            "0.1": [ 0, 0, -4.523382 ],
            "0.3": [ -7.115461, 12.15687, -15.00679 ],
            "0.4": [ 7.703732, 1.186795, -18.00432 ],
            "0.5": [ 0, 0, -10.60886 ],
            "0.7": [ -2.098745, -0.057956, -4.194841 ],
            "1": [ 0, 0, 0 ]
          }
        },
        "rightArmup": {
          "position": {
            "0": [ 0, 0, 0 ],
            "0.1": [ 0, -0.6400242, -0.5626894 ],
            "0.3": [ 0, 0.7641607, -0.6613559 ],
            "0.4": [ 0, 0.9153641, 1.061251 ],
            "0.5": [ 0, -0.1794864, 1.28897 ],
            "0.7": [ 0, 0, 0 ],
            "1": [ 0, 0, 0 ]
          },
          "rotation": {
            "0": [ 0, 0, 0 ],
            "0.1": [ 0, 0, 5.334206 ],
            "0.3": [ -6.659491, -15.24031, 16.76609 ],
            "0.4": [ 9.271987, 0, 16.76609 ],
            "0.5": [ 0, 0, 6.267752 ],
            "0.7": [ -6.913653, 0, 2.643217 ],
            "1": [ 0, 0, 0 ]
          }
        },
        "body0": {
          "rotation": {
            "0": [ 0, 0, 0 ],
            "0.1": [ 2.614036, 0, 0 ],
            "0.4": [ -7.371233, 0, 0 ],
            "0.6": [ 0, 0, 0 ]
          }
        }
      }
    }
  }
}