{
  "format_version": "1.8.0",
  "animations": {
    "animation.b1": {
      "loop": false,
      "animation_length": 80,
      "bones": {
        "leftArm": {
          "rotation": {
            "0": [0, 0, 0],
            "9.7": [0, 0, 0],
            "10": [ -0.5, -5.5, -4.5 ],
            "12": [ 0.5, -5.5, -2 ],
            "14": [ -0.5, -5.5, -4.5 ],
            "16": [ -0.5, -5.5, -4.5 ],
            "16.3": [0, 0, 0]
          }
        },
        "rightArm": {
          "rotation": {
            "0": [0, 0, 0],
            "9.7": [0, 0, 0],
            "10": [ 22, 0, 5 ],
            "12": [ 22, 0, 3.5 ],
            "14": [ 22, 0, 5 ],
            "16": [ 22, 0, 5 ],
            "16.3": [0, 0, 0]
          }
        },
        "body": {
          "position": {
            "0": [0, 0, 0],
            "9.7": [0, 0, 0],
            "10": [ 0, -0.626612, 0 ],
            "12": [ 5.392475E-17, -0.8694675, -8.088712E-17 ],
            "14": [ 0, -0.626612, 0 ],
            "16": [ 0, -0.626612, 0 ],
            "16.3": [0, 0, 0]
          }
        },
        "rightLeg": {
          "position": {
            "0": [0, 0, 0],
            "9.7": [0, 0, 0],
            "10": [ 1.122774E-17, -0.288, -1.184 ],
            "14": [ 1.122774E-17, -0.288, -1.184 ],
            "16": [ 1.122774E-17, -0.288, -1.184 ],
            "16.3": [0, 0, 0]
          },
          "rotation": {
            "0": [0, 0, 0],
            "9.7": [0, 0, 0],
            "10": [ -3, -1, 2.3 ],
            "14": [ -3, -1, 2.3 ],
            "16": [ -3, -1, 2.3 ],
            "16.3": [0, 0, 0]
          }
        },
        "leftLeg": {
          "position": {
            "0": [0, 0, 0],
            "9.7": [0, 0, 0],
            "10": [ 1.122774E-17, 0, 0.144 ],
            "14": [ 1.122774E-17, 0, 0.144 ],
            "16": [ 1.122774E-17, 0, 0.144 ],
            "16.3": [0, 0, 0]
          }
        },
        "leftArmup": {
          "rotation": {
            "0": [0, 0, 0],
            "9.7": [0, 0, 0],
            "10": [ -0.5, -5.5, -4.5 ],
            "12": [ 0.5, -5.5, -2 ],
            "14": [ -0.5, -5.5, -4.5 ],
            "16": [ -0.5, -5.5, -4.5 ],
            "16.3": [0, 0, 0]
          }
        },
        "rightArmup": {
          "rotation": {
            "0": [0, 0, 0],
            "9.7": [0, 0, 0],
            "10": [ 22, 0, 5 ],
            "12": [ 22, 0, 3.5 ],
            "14": [ 22, 0, 5 ],
            "16": [ 22, 0, 5 ],
            "16.3": [0, 0, 0]
          }
        },
        "body0": {
          "position": {
            "0": [0, 0, 0],
            "9.7": [0, 0, 0],
            "10": [ 0, -0.626612, 0 ],
            "12": [ 5.392475E-17, -0.8694675, -8.088712E-17 ],
            "14": [ 0, -0.626612, 0 ],
            "16": [ 0, -0.626612, 0 ],
            "16.3": [0, 0, 0]
          }
        },
        "rightLegup": {
          "position": {
            "0": [0, 0, 0],
            "9.7": [0, 0, 0],
            "10": [ 1.122774E-17, -0.288, -1.184 ],
            "14": [ 1.122774E-17, -0.288, -1.184 ],
            "16": [ 1.122774E-17, -0.288, -1.184 ],
            "16.3": [0, 0, 0]
          },
          "rotation": {
            "0": [0, 0, 0],
            "9.7": [0, 0, 0],
            "10": [ -3, -1, 2.3 ],
            "14": [ -3, -1, 2.3 ],
            "16": [ -3, -1, 2.3 ],
            "16.3": [0, 0, 0]
          }
        },
        "leftLegup": {
          "position": {
            "0": [0, 0, 0],
            "9.7": [0, 0, 0],
            "10": [ 1.122774E-17, 0, 0.144 ],
            "14": [ 1.122774E-17, 0, 0.144 ],
            "16": [ 1.122774E-17, 0, 0.144 ],
            "16.3": [0, 0, 0]
          }
        }
      }
    }
  }
}